created_at,repeat_rate
2024-07,0.102597686
2024-08,0.267090272
2024-09,0.407552936
2024-10,0.50663577
2024-11,0.600665188
2024-12,0.670976083
2025-01,0.723891892
2025-02,0.760669653
2025-03,0.792947753
2025-04,0.83196812
2025-05,0.85282436
2025-06,0.873147732
2025-07,0.880235602
2025-08,0.915598291
2025-09,0.917910448
2025-10,0.931260575
2025-11,0.940550133
2025-12,0.946480124
